,Image Name,ratio
0,1.pdf_Page 1.jpg_in_logo_bouygues_screenshot.JPG,0.0
1,1.pdf_Page 1.jpg_in_logo_bouygues_telecom.png,0.01
2,1.pdf_Page 1.jpg_in_logo_EDF.png,0.0
3,1.pdf_Page 1.jpg_in_logo_EDF_screenshot.PNG,0.02
4,1.pdf_Page 1.jpg_in_logo_enercorp.png,0.0
5,1.pdf_Page 1.jpg_in_logo_engie.png,0.0
6,1.pdf_Page 1.jpg_in_logo_engie_screenshot.JPG,0.52
7,1.pdf_Page 1.jpg_in_logo_free.png,0.0
8,1.pdf_Page 1.jpg_in_logo_free_screenshot.JPG,0.0
9,1.pdf_Page 1.jpg_in_logo_lcl.png,0.0
10,1.pdf_Page 1.jpg_in_logo_LCL_screenshot.JPG,0.04
11,1.pdf_Page 1.jpg_in_logo_orange.png,0.04
12,1.pdf_Page 1.jpg_in_logo_orange_screenshot.JPG,0.0
13,1.pdf_Page 1.jpg_in_logo_sfr.png,0.0
14,1.pdf_Page 1.jpg_in_logo_SocieteGenerale_screenshot.JPG,0.29
15,1.pdf_Page 1.jpg_in_logo_societe_generale.png,0.0
16,13.pdf_Page 1.jpg_in_logo_bouygues_screenshot.JPG,0.0
17,13.pdf_Page 1.jpg_in_logo_bouygues_telecom.png,0.0
18,13.pdf_Page 1.jpg_in_logo_EDF.png,0.0
19,13.pdf_Page 1.jpg_in_logo_EDF_screenshot.PNG,0.15
20,13.pdf_Page 1.jpg_in_logo_enercorp.png,0.02
21,13.pdf_Page 1.jpg_in_logo_engie.png,0.0
22,13.pdf_Page 1.jpg_in_logo_engie_screenshot.JPG,0.0
23,13.pdf_Page 1.jpg_in_logo_free.png,0.0
24,13.pdf_Page 1.jpg_in_logo_free_screenshot.JPG,0.0
25,13.pdf_Page 1.jpg_in_logo_lcl.png,0.0
26,13.pdf_Page 1.jpg_in_logo_LCL_screenshot.JPG,0.04
27,13.pdf_Page 1.jpg_in_logo_orange.png,0.1
28,13.pdf_Page 1.jpg_in_logo_orange_screenshot.JPG,0.0
29,13.pdf_Page 1.jpg_in_logo_sfr.png,0.0
30,13.pdf_Page 1.jpg_in_logo_SocieteGenerale_screenshot.JPG,0.29
31,13.pdf_Page 1.jpg_in_logo_societe_generale.png,0.0
32,14.pdf_Page 1.jpg_in_logo_bouygues_screenshot.JPG,0.0
33,14.pdf_Page 1.jpg_in_logo_bouygues_telecom.png,0.0
34,14.pdf_Page 1.jpg_in_logo_EDF.png,0.0
35,14.pdf_Page 1.jpg_in_logo_EDF_screenshot.PNG,0.0
36,14.pdf_Page 1.jpg_in_logo_enercorp.png,0.01
37,14.pdf_Page 1.jpg_in_logo_engie.png,0.0
38,14.pdf_Page 1.jpg_in_logo_engie_screenshot.JPG,0.0
39,14.pdf_Page 1.jpg_in_logo_free.png,0.0
40,14.pdf_Page 1.jpg_in_logo_free_screenshot.JPG,0.37
41,14.pdf_Page 1.jpg_in_logo_lcl.png,0.0
42,14.pdf_Page 1.jpg_in_logo_LCL_screenshot.JPG,0.0
43,14.pdf_Page 1.jpg_in_logo_orange.png,0.0
44,14.pdf_Page 1.jpg_in_logo_orange_screenshot.JPG,0.0
45,14.pdf_Page 1.jpg_in_logo_sfr.png,0.0
46,14.pdf_Page 1.jpg_in_logo_SocieteGenerale_screenshot.JPG,0.0
47,14.pdf_Page 1.jpg_in_logo_societe_generale.png,0.0
48,14.pdf_Page 2.jpg_in_logo_bouygues_screenshot.JPG,0.0
49,14.pdf_Page 2.jpg_in_logo_bouygues_telecom.png,0.0
50,14.pdf_Page 2.jpg_in_logo_EDF.png,0.0
51,14.pdf_Page 2.jpg_in_logo_EDF_screenshot.PNG,0.0
52,14.pdf_Page 2.jpg_in_logo_enercorp.png,0.01
53,14.pdf_Page 2.jpg_in_logo_engie.png,0.0
54,14.pdf_Page 2.jpg_in_logo_engie_screenshot.JPG,0.0
55,14.pdf_Page 2.jpg_in_logo_free.png,0.0
56,14.pdf_Page 2.jpg_in_logo_free_screenshot.JPG,0.37
57,14.pdf_Page 2.jpg_in_logo_lcl.png,0.0
58,14.pdf_Page 2.jpg_in_logo_LCL_screenshot.JPG,0.0
59,14.pdf_Page 2.jpg_in_logo_orange.png,0.0
60,14.pdf_Page 2.jpg_in_logo_orange_screenshot.JPG,0.0
61,14.pdf_Page 2.jpg_in_logo_sfr.png,0.0
62,14.pdf_Page 2.jpg_in_logo_SocieteGenerale_screenshot.JPG,0.0
63,14.pdf_Page 2.jpg_in_logo_societe_generale.png,0.0
64,14.pdf_Page 3.jpg_in_logo_bouygues_screenshot.JPG,0.0
65,14.pdf_Page 3.jpg_in_logo_bouygues_telecom.png,0.0
66,14.pdf_Page 3.jpg_in_logo_EDF.png,0.0
67,14.pdf_Page 3.jpg_in_logo_EDF_screenshot.PNG,0.0
68,14.pdf_Page 3.jpg_in_logo_enercorp.png,0.01
69,14.pdf_Page 3.jpg_in_logo_engie.png,0.0
70,14.pdf_Page 3.jpg_in_logo_engie_screenshot.JPG,0.0
71,14.pdf_Page 3.jpg_in_logo_free.png,0.0
72,14.pdf_Page 3.jpg_in_logo_free_screenshot.JPG,0.37
73,14.pdf_Page 3.jpg_in_logo_lcl.png,0.0
74,14.pdf_Page 3.jpg_in_logo_LCL_screenshot.JPG,0.0
75,14.pdf_Page 3.jpg_in_logo_orange.png,0.0
76,14.pdf_Page 3.jpg_in_logo_orange_screenshot.JPG,0.0
77,14.pdf_Page 3.jpg_in_logo_sfr.png,0.0
78,14.pdf_Page 3.jpg_in_logo_SocieteGenerale_screenshot.JPG,0.0
79,14.pdf_Page 3.jpg_in_logo_societe_generale.png,0.0
80,15.pdf_Page 1.jpg_in_logo_bouygues_screenshot.JPG,0.0
81,15.pdf_Page 1.jpg_in_logo_bouygues_telecom.png,0.0
82,15.pdf_Page 1.jpg_in_logo_EDF.png,0.0
83,15.pdf_Page 1.jpg_in_logo_EDF_screenshot.PNG,0.64
84,15.pdf_Page 1.jpg_in_logo_enercorp.png,0.0
85,15.pdf_Page 1.jpg_in_logo_engie.png,0.0
86,15.pdf_Page 1.jpg_in_logo_engie_screenshot.JPG,0.0
87,15.pdf_Page 1.jpg_in_logo_free.png,0.03
88,15.pdf_Page 1.jpg_in_logo_free_screenshot.JPG,0.0
89,15.pdf_Page 1.jpg_in_logo_lcl.png,0.0
90,15.pdf_Page 1.jpg_in_logo_LCL_screenshot.JPG,0.0
91,15.pdf_Page 1.jpg_in_logo_orange.png,0.01
92,15.pdf_Page 1.jpg_in_logo_orange_screenshot.JPG,0.0
93,15.pdf_Page 1.jpg_in_logo_sfr.png,0.0
94,15.pdf_Page 1.jpg_in_logo_SocieteGenerale_screenshot.JPG,0.0
95,15.pdf_Page 1.jpg_in_logo_societe_generale.png,0.0
96,15.pdf_Page 2.jpg_in_logo_bouygues_screenshot.JPG,0.0
97,15.pdf_Page 2.jpg_in_logo_bouygues_telecom.png,0.0
98,15.pdf_Page 2.jpg_in_logo_EDF.png,0.0
99,15.pdf_Page 2.jpg_in_logo_EDF_screenshot.PNG,0.64
100,15.pdf_Page 2.jpg_in_logo_enercorp.png,0.0
101,15.pdf_Page 2.jpg_in_logo_engie.png,0.0
102,15.pdf_Page 2.jpg_in_logo_engie_screenshot.JPG,0.0
103,15.pdf_Page 2.jpg_in_logo_free.png,0.03
104,15.pdf_Page 2.jpg_in_logo_free_screenshot.JPG,0.0
105,15.pdf_Page 2.jpg_in_logo_lcl.png,0.0
106,15.pdf_Page 2.jpg_in_logo_LCL_screenshot.JPG,0.0
107,15.pdf_Page 2.jpg_in_logo_orange.png,0.01
108,15.pdf_Page 2.jpg_in_logo_orange_screenshot.JPG,0.0
109,15.pdf_Page 2.jpg_in_logo_sfr.png,0.0
110,15.pdf_Page 2.jpg_in_logo_SocieteGenerale_screenshot.JPG,0.0
111,15.pdf_Page 2.jpg_in_logo_societe_generale.png,0.0
112,17.pdf_Page 1.jpg_in_logo_bouygues_screenshot.JPG,0.02
113,17.pdf_Page 1.jpg_in_logo_bouygues_telecom.png,0.0
114,17.pdf_Page 1.jpg_in_logo_EDF.png,0.0
115,17.pdf_Page 1.jpg_in_logo_EDF_screenshot.PNG,0.01
116,17.pdf_Page 1.jpg_in_logo_enercorp.png,0.0
117,17.pdf_Page 1.jpg_in_logo_engie.png,0.0
118,17.pdf_Page 1.jpg_in_logo_engie_screenshot.JPG,0.0
119,17.pdf_Page 1.jpg_in_logo_free.png,0.0
120,17.pdf_Page 1.jpg_in_logo_free_screenshot.JPG,0.0
121,17.pdf_Page 1.jpg_in_logo_lcl.png,0.0
122,17.pdf_Page 1.jpg_in_logo_LCL_screenshot.JPG,0.04
123,17.pdf_Page 1.jpg_in_logo_orange.png,0.0
124,17.pdf_Page 1.jpg_in_logo_orange_screenshot.JPG,0.0
125,17.pdf_Page 1.jpg_in_logo_sfr.png,0.0
126,17.pdf_Page 1.jpg_in_logo_SocieteGenerale_screenshot.JPG,0.0
127,17.pdf_Page 1.jpg_in_logo_societe_generale.png,0.0
128,17.pdf_Page 2.jpg_in_logo_bouygues_screenshot.JPG,0.02
129,17.pdf_Page 2.jpg_in_logo_bouygues_telecom.png,0.0
130,17.pdf_Page 2.jpg_in_logo_EDF.png,0.0
131,17.pdf_Page 2.jpg_in_logo_EDF_screenshot.PNG,0.01
132,17.pdf_Page 2.jpg_in_logo_enercorp.png,0.0
133,17.pdf_Page 2.jpg_in_logo_engie.png,0.0
134,17.pdf_Page 2.jpg_in_logo_engie_screenshot.JPG,0.0
135,17.pdf_Page 2.jpg_in_logo_free.png,0.0
136,17.pdf_Page 2.jpg_in_logo_free_screenshot.JPG,0.0
137,17.pdf_Page 2.jpg_in_logo_lcl.png,0.0
138,17.pdf_Page 2.jpg_in_logo_LCL_screenshot.JPG,0.04
139,17.pdf_Page 2.jpg_in_logo_orange.png,0.0
140,17.pdf_Page 2.jpg_in_logo_orange_screenshot.JPG,0.0
141,17.pdf_Page 2.jpg_in_logo_sfr.png,0.0
142,17.pdf_Page 2.jpg_in_logo_SocieteGenerale_screenshot.JPG,0.0
143,17.pdf_Page 2.jpg_in_logo_societe_generale.png,0.0
144,18.pdf_Page 1.jpg_in_logo_bouygues_screenshot.JPG,0.02
145,18.pdf_Page 1.jpg_in_logo_bouygues_telecom.png,0.0
146,18.pdf_Page 1.jpg_in_logo_EDF.png,0.0
147,18.pdf_Page 1.jpg_in_logo_EDF_screenshot.PNG,0.0
148,18.pdf_Page 1.jpg_in_logo_enercorp.png,0.0
149,18.pdf_Page 1.jpg_in_logo_engie.png,0.0
150,18.pdf_Page 1.jpg_in_logo_engie_screenshot.JPG,0.0
151,18.pdf_Page 1.jpg_in_logo_free.png,0.0
152,18.pdf_Page 1.jpg_in_logo_free_screenshot.JPG,0.0
153,18.pdf_Page 1.jpg_in_logo_lcl.png,0.0
154,18.pdf_Page 1.jpg_in_logo_LCL_screenshot.JPG,0.0
155,18.pdf_Page 1.jpg_in_logo_orange.png,0.0
156,18.pdf_Page 1.jpg_in_logo_orange_screenshot.JPG,0.0
157,18.pdf_Page 1.jpg_in_logo_sfr.png,0.0
158,18.pdf_Page 1.jpg_in_logo_SocieteGenerale_screenshot.JPG,0.0
159,18.pdf_Page 1.jpg_in_logo_societe_generale.png,0.0
160,18.pdf_Page 2.jpg_in_logo_bouygues_screenshot.JPG,0.02
161,18.pdf_Page 2.jpg_in_logo_bouygues_telecom.png,0.0
162,18.pdf_Page 2.jpg_in_logo_EDF.png,0.0
163,18.pdf_Page 2.jpg_in_logo_EDF_screenshot.PNG,0.0
164,18.pdf_Page 2.jpg_in_logo_enercorp.png,0.0
165,18.pdf_Page 2.jpg_in_logo_engie.png,0.0
166,18.pdf_Page 2.jpg_in_logo_engie_screenshot.JPG,0.0
167,18.pdf_Page 2.jpg_in_logo_free.png,0.0
168,18.pdf_Page 2.jpg_in_logo_free_screenshot.JPG,0.0
169,18.pdf_Page 2.jpg_in_logo_lcl.png,0.0
170,18.pdf_Page 2.jpg_in_logo_LCL_screenshot.JPG,0.0
171,18.pdf_Page 2.jpg_in_logo_orange.png,0.0
172,18.pdf_Page 2.jpg_in_logo_orange_screenshot.JPG,0.0
173,18.pdf_Page 2.jpg_in_logo_sfr.png,0.0
174,18.pdf_Page 2.jpg_in_logo_SocieteGenerale_screenshot.JPG,0.0
175,18.pdf_Page 2.jpg_in_logo_societe_generale.png,0.0
176,18.pdf_Page 3.jpg_in_logo_bouygues_screenshot.JPG,0.02
177,18.pdf_Page 3.jpg_in_logo_bouygues_telecom.png,0.0
178,18.pdf_Page 3.jpg_in_logo_EDF.png,0.0
179,18.pdf_Page 3.jpg_in_logo_EDF_screenshot.PNG,0.0
180,18.pdf_Page 3.jpg_in_logo_enercorp.png,0.0
181,18.pdf_Page 3.jpg_in_logo_engie.png,0.0
182,18.pdf_Page 3.jpg_in_logo_engie_screenshot.JPG,0.0
183,18.pdf_Page 3.jpg_in_logo_free.png,0.0
184,18.pdf_Page 3.jpg_in_logo_free_screenshot.JPG,0.0
185,18.pdf_Page 3.jpg_in_logo_lcl.png,0.0
186,18.pdf_Page 3.jpg_in_logo_LCL_screenshot.JPG,0.0
187,18.pdf_Page 3.jpg_in_logo_orange.png,0.0
188,18.pdf_Page 3.jpg_in_logo_orange_screenshot.JPG,0.0
189,18.pdf_Page 3.jpg_in_logo_sfr.png,0.0
190,18.pdf_Page 3.jpg_in_logo_SocieteGenerale_screenshot.JPG,0.0
191,18.pdf_Page 3.jpg_in_logo_societe_generale.png,0.0
192,18.pdf_Page 4.jpg_in_logo_bouygues_screenshot.JPG,0.02
193,18.pdf_Page 4.jpg_in_logo_bouygues_telecom.png,0.0
194,18.pdf_Page 4.jpg_in_logo_EDF.png,0.0
195,18.pdf_Page 4.jpg_in_logo_EDF_screenshot.PNG,0.0
196,18.pdf_Page 4.jpg_in_logo_enercorp.png,0.0
197,18.pdf_Page 4.jpg_in_logo_engie.png,0.0
198,18.pdf_Page 4.jpg_in_logo_engie_screenshot.JPG,0.0
199,18.pdf_Page 4.jpg_in_logo_free.png,0.0
200,18.pdf_Page 4.jpg_in_logo_free_screenshot.JPG,0.0
201,18.pdf_Page 4.jpg_in_logo_lcl.png,0.0
202,18.pdf_Page 4.jpg_in_logo_LCL_screenshot.JPG,0.0
203,18.pdf_Page 4.jpg_in_logo_orange.png,0.0
204,18.pdf_Page 4.jpg_in_logo_orange_screenshot.JPG,0.0
205,18.pdf_Page 4.jpg_in_logo_sfr.png,0.0
206,18.pdf_Page 4.jpg_in_logo_SocieteGenerale_screenshot.JPG,0.0
207,18.pdf_Page 4.jpg_in_logo_societe_generale.png,0.0
208,2.pdf_Page 1.jpg_in_logo_bouygues_screenshot.JPG,0.02
209,2.pdf_Page 1.jpg_in_logo_bouygues_telecom.png,0.0
210,2.pdf_Page 1.jpg_in_logo_EDF.png,0.0
211,2.pdf_Page 1.jpg_in_logo_EDF_screenshot.PNG,0.01
212,2.pdf_Page 1.jpg_in_logo_enercorp.png,0.01
213,2.pdf_Page 1.jpg_in_logo_engie.png,0.0
214,2.pdf_Page 1.jpg_in_logo_engie_screenshot.JPG,0.0
215,2.pdf_Page 1.jpg_in_logo_free.png,0.0
216,2.pdf_Page 1.jpg_in_logo_free_screenshot.JPG,0.0
217,2.pdf_Page 1.jpg_in_logo_lcl.png,0.0
218,2.pdf_Page 1.jpg_in_logo_LCL_screenshot.JPG,0.0
219,2.pdf_Page 1.jpg_in_logo_orange.png,0.0
220,2.pdf_Page 1.jpg_in_logo_orange_screenshot.JPG,0.0
221,2.pdf_Page 1.jpg_in_logo_sfr.png,0.0
222,2.pdf_Page 1.jpg_in_logo_SocieteGenerale_screenshot.JPG,0.0
223,2.pdf_Page 1.jpg_in_logo_societe_generale.png,0.0
224,24.pdf_Page 1.jpg_in_logo_bouygues_screenshot.JPG,0.0
225,24.pdf_Page 1.jpg_in_logo_bouygues_telecom.png,0.0
226,24.pdf_Page 1.jpg_in_logo_EDF.png,0.0
227,24.pdf_Page 1.jpg_in_logo_EDF_screenshot.PNG,0.01
228,24.pdf_Page 1.jpg_in_logo_enercorp.png,0.0
229,24.pdf_Page 1.jpg_in_logo_engie.png,0.0
230,24.pdf_Page 1.jpg_in_logo_engie_screenshot.JPG,0.0
231,24.pdf_Page 1.jpg_in_logo_free.png,0.0
232,24.pdf_Page 1.jpg_in_logo_free_screenshot.JPG,0.0
233,24.pdf_Page 1.jpg_in_logo_lcl.png,0.0
234,24.pdf_Page 1.jpg_in_logo_LCL_screenshot.JPG,0.04
235,24.pdf_Page 1.jpg_in_logo_orange.png,0.1
236,24.pdf_Page 1.jpg_in_logo_orange_screenshot.JPG,0.44
237,24.pdf_Page 1.jpg_in_logo_sfr.png,0.0
238,24.pdf_Page 1.jpg_in_logo_SocieteGenerale_screenshot.JPG,0.0
239,24.pdf_Page 1.jpg_in_logo_societe_generale.png,0.0
240,24.pdf_Page 2.jpg_in_logo_bouygues_screenshot.JPG,0.0
241,24.pdf_Page 2.jpg_in_logo_bouygues_telecom.png,0.0
242,24.pdf_Page 2.jpg_in_logo_EDF.png,0.0
243,24.pdf_Page 2.jpg_in_logo_EDF_screenshot.PNG,0.01
244,24.pdf_Page 2.jpg_in_logo_enercorp.png,0.0
245,24.pdf_Page 2.jpg_in_logo_engie.png,0.0
246,24.pdf_Page 2.jpg_in_logo_engie_screenshot.JPG,0.0
247,24.pdf_Page 2.jpg_in_logo_free.png,0.0
248,24.pdf_Page 2.jpg_in_logo_free_screenshot.JPG,0.0
249,24.pdf_Page 2.jpg_in_logo_lcl.png,0.0
250,24.pdf_Page 2.jpg_in_logo_LCL_screenshot.JPG,0.04
251,24.pdf_Page 2.jpg_in_logo_orange.png,0.1
252,24.pdf_Page 2.jpg_in_logo_orange_screenshot.JPG,0.44
253,24.pdf_Page 2.jpg_in_logo_sfr.png,0.0
254,24.pdf_Page 2.jpg_in_logo_SocieteGenerale_screenshot.JPG,0.0
255,24.pdf_Page 2.jpg_in_logo_societe_generale.png,0.0
256,24.pdf_Page 3.jpg_in_logo_bouygues_screenshot.JPG,0.0
257,24.pdf_Page 3.jpg_in_logo_bouygues_telecom.png,0.0
258,24.pdf_Page 3.jpg_in_logo_EDF.png,0.0
259,24.pdf_Page 3.jpg_in_logo_EDF_screenshot.PNG,0.01
260,24.pdf_Page 3.jpg_in_logo_enercorp.png,0.0
261,24.pdf_Page 3.jpg_in_logo_engie.png,0.0
262,24.pdf_Page 3.jpg_in_logo_engie_screenshot.JPG,0.0
263,24.pdf_Page 3.jpg_in_logo_free.png,0.0
264,24.pdf_Page 3.jpg_in_logo_free_screenshot.JPG,0.0
265,24.pdf_Page 3.jpg_in_logo_lcl.png,0.0
266,24.pdf_Page 3.jpg_in_logo_LCL_screenshot.JPG,0.04
267,24.pdf_Page 3.jpg_in_logo_orange.png,0.1
268,24.pdf_Page 3.jpg_in_logo_orange_screenshot.JPG,0.44
269,24.pdf_Page 3.jpg_in_logo_sfr.png,0.0
270,24.pdf_Page 3.jpg_in_logo_SocieteGenerale_screenshot.JPG,0.0
271,24.pdf_Page 3.jpg_in_logo_societe_generale.png,0.0
272,3.pdf_Page 1.jpg_in_logo_bouygues_screenshot.JPG,0.0
273,3.pdf_Page 1.jpg_in_logo_bouygues_telecom.png,0.0
274,3.pdf_Page 1.jpg_in_logo_EDF.png,0.0
275,3.pdf_Page 1.jpg_in_logo_EDF_screenshot.PNG,0.06
276,3.pdf_Page 1.jpg_in_logo_enercorp.png,0.01
277,3.pdf_Page 1.jpg_in_logo_engie.png,0.0
278,3.pdf_Page 1.jpg_in_logo_engie_screenshot.JPG,0.0
279,3.pdf_Page 1.jpg_in_logo_free.png,0.0
280,3.pdf_Page 1.jpg_in_logo_free_screenshot.JPG,0.0
281,3.pdf_Page 1.jpg_in_logo_lcl.png,0.0
282,3.pdf_Page 1.jpg_in_logo_LCL_screenshot.JPG,0.0
283,3.pdf_Page 1.jpg_in_logo_orange.png,0.02
284,3.pdf_Page 1.jpg_in_logo_orange_screenshot.JPG,0.0
285,3.pdf_Page 1.jpg_in_logo_sfr.png,0.0
286,3.pdf_Page 1.jpg_in_logo_SocieteGenerale_screenshot.JPG,0.29
287,3.pdf_Page 1.jpg_in_logo_societe_generale.png,0.0
288,32.pdf_Page 1.jpg_in_logo_bouygues_screenshot.JPG,0.0
289,32.pdf_Page 1.jpg_in_logo_bouygues_telecom.png,0.0
290,32.pdf_Page 1.jpg_in_logo_EDF.png,0.0
291,32.pdf_Page 1.jpg_in_logo_EDF_screenshot.PNG,0.01
292,32.pdf_Page 1.jpg_in_logo_enercorp.png,0.0
293,32.pdf_Page 1.jpg_in_logo_engie.png,0.0
294,32.pdf_Page 1.jpg_in_logo_engie_screenshot.JPG,0.0
295,32.pdf_Page 1.jpg_in_logo_free.png,0.0
296,32.pdf_Page 1.jpg_in_logo_free_screenshot.JPG,0.0
297,32.pdf_Page 1.jpg_in_logo_lcl.png,0.0
298,32.pdf_Page 1.jpg_in_logo_LCL_screenshot.JPG,0.0
299,32.pdf_Page 1.jpg_in_logo_orange.png,0.0
300,32.pdf_Page 1.jpg_in_logo_orange_screenshot.JPG,0.0
301,32.pdf_Page 1.jpg_in_logo_sfr.png,0.0
302,32.pdf_Page 1.jpg_in_logo_SocieteGenerale_screenshot.JPG,0.0
303,32.pdf_Page 1.jpg_in_logo_societe_generale.png,0.0
304,32.pdf_Page 2.jpg_in_logo_bouygues_screenshot.JPG,0.0
305,32.pdf_Page 2.jpg_in_logo_bouygues_telecom.png,0.0
306,32.pdf_Page 2.jpg_in_logo_EDF.png,0.0
307,32.pdf_Page 2.jpg_in_logo_EDF_screenshot.PNG,0.01
308,32.pdf_Page 2.jpg_in_logo_enercorp.png,0.0
309,32.pdf_Page 2.jpg_in_logo_engie.png,0.0
310,32.pdf_Page 2.jpg_in_logo_engie_screenshot.JPG,0.0
311,32.pdf_Page 2.jpg_in_logo_free.png,0.0
312,32.pdf_Page 2.jpg_in_logo_free_screenshot.JPG,0.0
313,32.pdf_Page 2.jpg_in_logo_lcl.png,0.0
314,32.pdf_Page 2.jpg_in_logo_LCL_screenshot.JPG,0.0
315,32.pdf_Page 2.jpg_in_logo_orange.png,0.0
316,32.pdf_Page 2.jpg_in_logo_orange_screenshot.JPG,0.0
317,32.pdf_Page 2.jpg_in_logo_sfr.png,0.0
318,32.pdf_Page 2.jpg_in_logo_SocieteGenerale_screenshot.JPG,0.0
319,32.pdf_Page 2.jpg_in_logo_societe_generale.png,0.0
320,4.pdf_Page 1.jpg_in_logo_bouygues_screenshot.JPG,0.0
321,4.pdf_Page 1.jpg_in_logo_bouygues_telecom.png,0.0
322,4.pdf_Page 1.jpg_in_logo_EDF.png,0.0
323,4.pdf_Page 1.jpg_in_logo_EDF_screenshot.PNG,0.06
324,4.pdf_Page 1.jpg_in_logo_enercorp.png,0.0
325,4.pdf_Page 1.jpg_in_logo_engie.png,0.0
326,4.pdf_Page 1.jpg_in_logo_engie_screenshot.JPG,0.0
327,4.pdf_Page 1.jpg_in_logo_free.png,0.0
328,4.pdf_Page 1.jpg_in_logo_free_screenshot.JPG,0.0
329,4.pdf_Page 1.jpg_in_logo_lcl.png,0.0
330,4.pdf_Page 1.jpg_in_logo_LCL_screenshot.JPG,0.0
331,4.pdf_Page 1.jpg_in_logo_orange.png,0.0
332,4.pdf_Page 1.jpg_in_logo_orange_screenshot.JPG,0.0
333,4.pdf_Page 1.jpg_in_logo_sfr.png,0.0
334,4.pdf_Page 1.jpg_in_logo_SocieteGenerale_screenshot.JPG,0.0
335,4.pdf_Page 1.jpg_in_logo_societe_generale.png,0.0
336,4.pdf_Page 2.jpg_in_logo_bouygues_screenshot.JPG,0.0
337,4.pdf_Page 2.jpg_in_logo_bouygues_telecom.png,0.0
338,4.pdf_Page 2.jpg_in_logo_EDF.png,0.0
339,4.pdf_Page 2.jpg_in_logo_EDF_screenshot.PNG,0.06
340,4.pdf_Page 2.jpg_in_logo_enercorp.png,0.0
341,4.pdf_Page 2.jpg_in_logo_engie.png,0.0
342,4.pdf_Page 2.jpg_in_logo_engie_screenshot.JPG,0.0
343,4.pdf_Page 2.jpg_in_logo_free.png,0.0
344,4.pdf_Page 2.jpg_in_logo_free_screenshot.JPG,0.0
345,4.pdf_Page 2.jpg_in_logo_lcl.png,0.0
346,4.pdf_Page 2.jpg_in_logo_LCL_screenshot.JPG,0.0
347,4.pdf_Page 2.jpg_in_logo_orange.png,0.0
348,4.pdf_Page 2.jpg_in_logo_orange_screenshot.JPG,0.0
349,4.pdf_Page 2.jpg_in_logo_sfr.png,0.0
350,4.pdf_Page 2.jpg_in_logo_SocieteGenerale_screenshot.JPG,0.0
351,4.pdf_Page 2.jpg_in_logo_societe_generale.png,0.0
352,4.pdf_Page 3.jpg_in_logo_bouygues_screenshot.JPG,0.0
353,4.pdf_Page 3.jpg_in_logo_bouygues_telecom.png,0.0
354,4.pdf_Page 3.jpg_in_logo_EDF.png,0.0
355,4.pdf_Page 3.jpg_in_logo_EDF_screenshot.PNG,0.06
356,4.pdf_Page 3.jpg_in_logo_enercorp.png,0.0
357,4.pdf_Page 3.jpg_in_logo_engie.png,0.0
358,4.pdf_Page 3.jpg_in_logo_engie_screenshot.JPG,0.0
359,4.pdf_Page 3.jpg_in_logo_free.png,0.0
360,4.pdf_Page 3.jpg_in_logo_free_screenshot.JPG,0.0
361,4.pdf_Page 3.jpg_in_logo_lcl.png,0.0
362,4.pdf_Page 3.jpg_in_logo_LCL_screenshot.JPG,0.0
363,4.pdf_Page 3.jpg_in_logo_orange.png,0.0
364,4.pdf_Page 3.jpg_in_logo_orange_screenshot.JPG,0.0
365,4.pdf_Page 3.jpg_in_logo_sfr.png,0.0
366,4.pdf_Page 3.jpg_in_logo_SocieteGenerale_screenshot.JPG,0.0
367,4.pdf_Page 3.jpg_in_logo_societe_generale.png,0.0
368,5.pdf_Page 1.jpg_in_logo_bouygues_screenshot.JPG,0.0
369,5.pdf_Page 1.jpg_in_logo_bouygues_telecom.png,0.0
370,5.pdf_Page 1.jpg_in_logo_EDF.png,0.0
371,5.pdf_Page 1.jpg_in_logo_EDF_screenshot.PNG,0.04
372,5.pdf_Page 1.jpg_in_logo_enercorp.png,0.02
373,5.pdf_Page 1.jpg_in_logo_engie.png,0.0
374,5.pdf_Page 1.jpg_in_logo_engie_screenshot.JPG,0.0
375,5.pdf_Page 1.jpg_in_logo_free.png,0.0
376,5.pdf_Page 1.jpg_in_logo_free_screenshot.JPG,0.0
377,5.pdf_Page 1.jpg_in_logo_lcl.png,0.0
378,5.pdf_Page 1.jpg_in_logo_LCL_screenshot.JPG,0.0
379,5.pdf_Page 1.jpg_in_logo_orange.png,0.01
380,5.pdf_Page 1.jpg_in_logo_orange_screenshot.JPG,0.0
381,5.pdf_Page 1.jpg_in_logo_sfr.png,0.0
382,5.pdf_Page 1.jpg_in_logo_SocieteGenerale_screenshot.JPG,0.0
383,5.pdf_Page 1.jpg_in_logo_societe_generale.png,0.0
384,50.pdf_Page 1.jpg_in_logo_bouygues_screenshot.JPG,0.41
385,50.pdf_Page 1.jpg_in_logo_bouygues_telecom.png,0.0
386,50.pdf_Page 1.jpg_in_logo_EDF.png,0.0
387,50.pdf_Page 1.jpg_in_logo_EDF_screenshot.PNG,0.0
388,50.pdf_Page 1.jpg_in_logo_enercorp.png,0.01
389,50.pdf_Page 1.jpg_in_logo_engie.png,0.0
390,50.pdf_Page 1.jpg_in_logo_engie_screenshot.JPG,0.0
391,50.pdf_Page 1.jpg_in_logo_free.png,0.0
392,50.pdf_Page 1.jpg_in_logo_free_screenshot.JPG,0.0
393,50.pdf_Page 1.jpg_in_logo_lcl.png,0.0
394,50.pdf_Page 1.jpg_in_logo_LCL_screenshot.JPG,0.0
395,50.pdf_Page 1.jpg_in_logo_orange.png,0.0
396,50.pdf_Page 1.jpg_in_logo_orange_screenshot.JPG,0.0
397,50.pdf_Page 1.jpg_in_logo_sfr.png,0.0
398,50.pdf_Page 1.jpg_in_logo_SocieteGenerale_screenshot.JPG,0.0
399,50.pdf_Page 1.jpg_in_logo_societe_generale.png,0.0
400,50.pdf_Page 2.jpg_in_logo_bouygues_screenshot.JPG,0.41
401,50.pdf_Page 2.jpg_in_logo_bouygues_telecom.png,0.0
402,50.pdf_Page 2.jpg_in_logo_EDF.png,0.0
403,50.pdf_Page 2.jpg_in_logo_EDF_screenshot.PNG,0.0
404,50.pdf_Page 2.jpg_in_logo_enercorp.png,0.01
405,50.pdf_Page 2.jpg_in_logo_engie.png,0.0
406,50.pdf_Page 2.jpg_in_logo_engie_screenshot.JPG,0.0
407,50.pdf_Page 2.jpg_in_logo_free.png,0.0
408,50.pdf_Page 2.jpg_in_logo_free_screenshot.JPG,0.0
409,50.pdf_Page 2.jpg_in_logo_lcl.png,0.0
410,50.pdf_Page 2.jpg_in_logo_LCL_screenshot.JPG,0.0
411,50.pdf_Page 2.jpg_in_logo_orange.png,0.0
412,50.pdf_Page 2.jpg_in_logo_orange_screenshot.JPG,0.0
413,50.pdf_Page 2.jpg_in_logo_sfr.png,0.0
414,50.pdf_Page 2.jpg_in_logo_SocieteGenerale_screenshot.JPG,0.0
415,50.pdf_Page 2.jpg_in_logo_societe_generale.png,0.0
416,50.pdf_Page 3.jpg_in_logo_bouygues_screenshot.JPG,0.41
417,50.pdf_Page 3.jpg_in_logo_bouygues_telecom.png,0.0
418,50.pdf_Page 3.jpg_in_logo_EDF.png,0.0
419,50.pdf_Page 3.jpg_in_logo_EDF_screenshot.PNG,0.0
420,50.pdf_Page 3.jpg_in_logo_enercorp.png,0.01
421,50.pdf_Page 3.jpg_in_logo_engie.png,0.0
422,50.pdf_Page 3.jpg_in_logo_engie_screenshot.JPG,0.0
423,50.pdf_Page 3.jpg_in_logo_free.png,0.0
424,50.pdf_Page 3.jpg_in_logo_free_screenshot.JPG,0.0
425,50.pdf_Page 3.jpg_in_logo_lcl.png,0.0
426,50.pdf_Page 3.jpg_in_logo_LCL_screenshot.JPG,0.0
427,50.pdf_Page 3.jpg_in_logo_orange.png,0.0
428,50.pdf_Page 3.jpg_in_logo_orange_screenshot.JPG,0.0
429,50.pdf_Page 3.jpg_in_logo_sfr.png,0.0
430,50.pdf_Page 3.jpg_in_logo_SocieteGenerale_screenshot.JPG,0.0
431,50.pdf_Page 3.jpg_in_logo_societe_generale.png,0.0
432,barbare.JPG_in_logo_bouygues_screenshot.JPG,0.0
433,barbare.JPG_in_logo_bouygues_telecom.png,0.0
434,barbare.JPG_in_logo_EDF.png,0.0
435,barbare.JPG_in_logo_EDF_screenshot.PNG,0.01
436,barbare.JPG_in_logo_enercorp.png,0.0
437,barbare.JPG_in_logo_engie.png,0.0
438,barbare.JPG_in_logo_engie_screenshot.JPG,0.0
439,barbare.JPG_in_logo_free.png,0.0
440,barbare.JPG_in_logo_free_screenshot.JPG,0.0
441,barbare.JPG_in_logo_lcl.png,0.0
442,barbare.JPG_in_logo_LCL_screenshot.JPG,0.0
443,barbare.JPG_in_logo_orange.png,0.0
444,barbare.JPG_in_logo_orange_screenshot.JPG,0.0
445,barbare.JPG_in_logo_sfr.png,0.0
446,barbare.JPG_in_logo_SocieteGenerale_screenshot.JPG,0.0
447,barbare.JPG_in_logo_societe_generale.png,0.0
448,bulletin_paie_1.pdf_Page 1.jpg_in_logo_bouygues_screenshot.JPG,0.03
449,bulletin_paie_1.pdf_Page 1.jpg_in_logo_bouygues_telecom.png,0.0
450,bulletin_paie_1.pdf_Page 1.jpg_in_logo_EDF.png,0.0
451,bulletin_paie_1.pdf_Page 1.jpg_in_logo_EDF_screenshot.PNG,0.03
452,bulletin_paie_1.pdf_Page 1.jpg_in_logo_enercorp.png,0.0
453,bulletin_paie_1.pdf_Page 1.jpg_in_logo_engie.png,0.0
454,bulletin_paie_1.pdf_Page 1.jpg_in_logo_engie_screenshot.JPG,0.0
455,bulletin_paie_1.pdf_Page 1.jpg_in_logo_free.png,0.0
456,bulletin_paie_1.pdf_Page 1.jpg_in_logo_free_screenshot.JPG,0.0
457,bulletin_paie_1.pdf_Page 1.jpg_in_logo_lcl.png,0.0
458,bulletin_paie_1.pdf_Page 1.jpg_in_logo_LCL_screenshot.JPG,0.0
459,bulletin_paie_1.pdf_Page 1.jpg_in_logo_orange.png,0.0
460,bulletin_paie_1.pdf_Page 1.jpg_in_logo_orange_screenshot.JPG,0.0
461,bulletin_paie_1.pdf_Page 1.jpg_in_logo_sfr.png,0.0
462,bulletin_paie_1.pdf_Page 1.jpg_in_logo_SocieteGenerale_screenshot.JPG,0.0
463,bulletin_paie_1.pdf_Page 1.jpg_in_logo_societe_generale.png,0.0
464,bulletin_paie_2.pdf_Page 1.jpg_in_logo_bouygues_screenshot.JPG,0.03
465,bulletin_paie_2.pdf_Page 1.jpg_in_logo_bouygues_telecom.png,0.0
466,bulletin_paie_2.pdf_Page 1.jpg_in_logo_EDF.png,0.0
467,bulletin_paie_2.pdf_Page 1.jpg_in_logo_EDF_screenshot.PNG,0.02
468,bulletin_paie_2.pdf_Page 1.jpg_in_logo_enercorp.png,0.0
469,bulletin_paie_2.pdf_Page 1.jpg_in_logo_engie.png,0.0
470,bulletin_paie_2.pdf_Page 1.jpg_in_logo_engie_screenshot.JPG,0.0
471,bulletin_paie_2.pdf_Page 1.jpg_in_logo_free.png,0.0
472,bulletin_paie_2.pdf_Page 1.jpg_in_logo_free_screenshot.JPG,0.0
473,bulletin_paie_2.pdf_Page 1.jpg_in_logo_lcl.png,0.0
474,bulletin_paie_2.pdf_Page 1.jpg_in_logo_LCL_screenshot.JPG,0.0
475,bulletin_paie_2.pdf_Page 1.jpg_in_logo_orange.png,0.0
476,bulletin_paie_2.pdf_Page 1.jpg_in_logo_orange_screenshot.JPG,0.0
477,bulletin_paie_2.pdf_Page 1.jpg_in_logo_sfr.png,0.0
478,bulletin_paie_2.pdf_Page 1.jpg_in_logo_SocieteGenerale_screenshot.JPG,0.0
479,bulletin_paie_2.pdf_Page 1.jpg_in_logo_societe_generale.png,0.0
480,bulletin_paie_3.pdf_Page 1.jpg_in_logo_bouygues_screenshot.JPG,0.0
481,bulletin_paie_3.pdf_Page 1.jpg_in_logo_bouygues_telecom.png,0.0
482,bulletin_paie_3.pdf_Page 1.jpg_in_logo_EDF.png,0.0
483,bulletin_paie_3.pdf_Page 1.jpg_in_logo_EDF_screenshot.PNG,0.01
484,bulletin_paie_3.pdf_Page 1.jpg_in_logo_enercorp.png,0.04
485,bulletin_paie_3.pdf_Page 1.jpg_in_logo_engie.png,0.0
486,bulletin_paie_3.pdf_Page 1.jpg_in_logo_engie_screenshot.JPG,0.0
487,bulletin_paie_3.pdf_Page 1.jpg_in_logo_free.png,0.0
488,bulletin_paie_3.pdf_Page 1.jpg_in_logo_free_screenshot.JPG,0.0
489,bulletin_paie_3.pdf_Page 1.jpg_in_logo_lcl.png,0.0
490,bulletin_paie_3.pdf_Page 1.jpg_in_logo_LCL_screenshot.JPG,0.0
491,bulletin_paie_3.pdf_Page 1.jpg_in_logo_orange.png,0.01
492,bulletin_paie_3.pdf_Page 1.jpg_in_logo_orange_screenshot.JPG,0.0
493,bulletin_paie_3.pdf_Page 1.jpg_in_logo_sfr.png,0.0
494,bulletin_paie_3.pdf_Page 1.jpg_in_logo_SocieteGenerale_screenshot.JPG,2.43
495,bulletin_paie_3.pdf_Page 1.jpg_in_logo_societe_generale.png,0.0
496,clash.jpg_in_logo_bouygues_screenshot.JPG,0.0
497,clash.jpg_in_logo_bouygues_telecom.png,0.0
498,clash.jpg_in_logo_EDF.png,0.0
499,clash.jpg_in_logo_EDF_screenshot.PNG,0.0
500,clash.jpg_in_logo_enercorp.png,0.0
501,clash.jpg_in_logo_engie.png,0.0
502,clash.jpg_in_logo_engie_screenshot.JPG,0.0
503,clash.jpg_in_logo_free.png,0.0
504,clash.jpg_in_logo_free_screenshot.JPG,0.0
505,clash.jpg_in_logo_lcl.png,0.0
506,clash.jpg_in_logo_LCL_screenshot.JPG,0.0
507,clash.jpg_in_logo_orange.png,0.0
508,clash.jpg_in_logo_orange_screenshot.JPG,0.0
509,clash.jpg_in_logo_sfr.png,0.0
510,clash.jpg_in_logo_SocieteGenerale_screenshot.JPG,0.0
511,clash.jpg_in_logo_societe_generale.png,0.0
512,perry_platypus.png_in_logo_bouygues_screenshot.JPG,0.0
513,perry_platypus.png_in_logo_bouygues_telecom.png,0.0
514,perry_platypus.png_in_logo_EDF.png,0.0
515,perry_platypus.png_in_logo_EDF_screenshot.PNG,0.0
516,perry_platypus.png_in_logo_enercorp.png,0.0
517,perry_platypus.png_in_logo_engie.png,0.0
518,perry_platypus.png_in_logo_engie_screenshot.JPG,0.0
519,perry_platypus.png_in_logo_free.png,0.0
520,perry_platypus.png_in_logo_free_screenshot.JPG,0.0
521,perry_platypus.png_in_logo_lcl.png,0.0
522,perry_platypus.png_in_logo_LCL_screenshot.JPG,0.0
523,perry_platypus.png_in_logo_orange.png,0.0
524,perry_platypus.png_in_logo_orange_screenshot.JPG,0.0
525,perry_platypus.png_in_logo_sfr.png,0.0
526,perry_platypus.png_in_logo_SocieteGenerale_screenshot.JPG,0.0
527,perry_platypus.png_in_logo_societe_generale.png,0.0
528,perry_platypus_fanart.jpg_in_logo_bouygues_screenshot.JPG,0.02
529,perry_platypus_fanart.jpg_in_logo_bouygues_telecom.png,0.0
530,perry_platypus_fanart.jpg_in_logo_EDF.png,0.0
531,perry_platypus_fanart.jpg_in_logo_EDF_screenshot.PNG,0.0
532,perry_platypus_fanart.jpg_in_logo_enercorp.png,0.0
533,perry_platypus_fanart.jpg_in_logo_engie.png,0.0
534,perry_platypus_fanart.jpg_in_logo_engie_screenshot.JPG,0.0
535,perry_platypus_fanart.jpg_in_logo_free.png,0.0
536,perry_platypus_fanart.jpg_in_logo_free_screenshot.JPG,0.0
537,perry_platypus_fanart.jpg_in_logo_lcl.png,0.0
538,perry_platypus_fanart.jpg_in_logo_LCL_screenshot.JPG,0.0
539,perry_platypus_fanart.jpg_in_logo_orange.png,0.0
540,perry_platypus_fanart.jpg_in_logo_orange_screenshot.JPG,0.0
541,perry_platypus_fanart.jpg_in_logo_sfr.png,0.0
542,perry_platypus_fanart.jpg_in_logo_SocieteGenerale_screenshot.JPG,0.0
543,perry_platypus_fanart.jpg_in_logo_societe_generale.png,0.0
544,releve_compte_1.pdf_Page 1.jpg_in_logo_bouygues_screenshot.JPG,0.0
545,releve_compte_1.pdf_Page 1.jpg_in_logo_bouygues_telecom.png,0.0
546,releve_compte_1.pdf_Page 1.jpg_in_logo_EDF.png,0.0
547,releve_compte_1.pdf_Page 1.jpg_in_logo_EDF_screenshot.PNG,0.0
548,releve_compte_1.pdf_Page 1.jpg_in_logo_enercorp.png,0.0
549,releve_compte_1.pdf_Page 1.jpg_in_logo_engie.png,0.0
550,releve_compte_1.pdf_Page 1.jpg_in_logo_engie_screenshot.JPG,0.0
551,releve_compte_1.pdf_Page 1.jpg_in_logo_free.png,0.0
552,releve_compte_1.pdf_Page 1.jpg_in_logo_free_screenshot.JPG,0.0
553,releve_compte_1.pdf_Page 1.jpg_in_logo_lcl.png,0.02
554,releve_compte_1.pdf_Page 1.jpg_in_logo_LCL_screenshot.JPG,0.18
555,releve_compte_1.pdf_Page 1.jpg_in_logo_orange.png,0.0
556,releve_compte_1.pdf_Page 1.jpg_in_logo_orange_screenshot.JPG,0.0
557,releve_compte_1.pdf_Page 1.jpg_in_logo_sfr.png,0.0
558,releve_compte_1.pdf_Page 1.jpg_in_logo_SocieteGenerale_screenshot.JPG,0.0
559,releve_compte_1.pdf_Page 1.jpg_in_logo_societe_generale.png,0.0
560,releve_compte_1.pdf_Page 2.jpg_in_logo_bouygues_screenshot.JPG,0.0
561,releve_compte_1.pdf_Page 2.jpg_in_logo_bouygues_telecom.png,0.0
562,releve_compte_1.pdf_Page 2.jpg_in_logo_EDF.png,0.0
563,releve_compte_1.pdf_Page 2.jpg_in_logo_EDF_screenshot.PNG,0.0
564,releve_compte_1.pdf_Page 2.jpg_in_logo_enercorp.png,0.0
565,releve_compte_1.pdf_Page 2.jpg_in_logo_engie.png,0.0
566,releve_compte_1.pdf_Page 2.jpg_in_logo_engie_screenshot.JPG,0.0
567,releve_compte_1.pdf_Page 2.jpg_in_logo_free.png,0.0
568,releve_compte_1.pdf_Page 2.jpg_in_logo_free_screenshot.JPG,0.0
569,releve_compte_1.pdf_Page 2.jpg_in_logo_lcl.png,0.02
570,releve_compte_1.pdf_Page 2.jpg_in_logo_LCL_screenshot.JPG,0.18
571,releve_compte_1.pdf_Page 2.jpg_in_logo_orange.png,0.0
572,releve_compte_1.pdf_Page 2.jpg_in_logo_orange_screenshot.JPG,0.0
573,releve_compte_1.pdf_Page 2.jpg_in_logo_sfr.png,0.0
574,releve_compte_1.pdf_Page 2.jpg_in_logo_SocieteGenerale_screenshot.JPG,0.0
575,releve_compte_1.pdf_Page 2.jpg_in_logo_societe_generale.png,0.0
576,releve_compte_1.pdf_Page 3.jpg_in_logo_bouygues_screenshot.JPG,0.0
577,releve_compte_1.pdf_Page 3.jpg_in_logo_bouygues_telecom.png,0.0
578,releve_compte_1.pdf_Page 3.jpg_in_logo_EDF.png,0.0
579,releve_compte_1.pdf_Page 3.jpg_in_logo_EDF_screenshot.PNG,0.0
580,releve_compte_1.pdf_Page 3.jpg_in_logo_enercorp.png,0.0
581,releve_compte_1.pdf_Page 3.jpg_in_logo_engie.png,0.0
582,releve_compte_1.pdf_Page 3.jpg_in_logo_engie_screenshot.JPG,0.0
583,releve_compte_1.pdf_Page 3.jpg_in_logo_free.png,0.0
584,releve_compte_1.pdf_Page 3.jpg_in_logo_free_screenshot.JPG,0.0
585,releve_compte_1.pdf_Page 3.jpg_in_logo_lcl.png,0.02
586,releve_compte_1.pdf_Page 3.jpg_in_logo_LCL_screenshot.JPG,0.18
587,releve_compte_1.pdf_Page 3.jpg_in_logo_orange.png,0.0
588,releve_compte_1.pdf_Page 3.jpg_in_logo_orange_screenshot.JPG,0.0
589,releve_compte_1.pdf_Page 3.jpg_in_logo_sfr.png,0.0
590,releve_compte_1.pdf_Page 3.jpg_in_logo_SocieteGenerale_screenshot.JPG,0.0
591,releve_compte_1.pdf_Page 3.jpg_in_logo_societe_generale.png,0.0
592,releve_compte_2.pdf_Page 1.jpg_in_logo_bouygues_screenshot.JPG,0.0
593,releve_compte_2.pdf_Page 1.jpg_in_logo_bouygues_telecom.png,0.0
594,releve_compte_2.pdf_Page 1.jpg_in_logo_EDF.png,0.01
595,releve_compte_2.pdf_Page 1.jpg_in_logo_EDF_screenshot.PNG,0.01
596,releve_compte_2.pdf_Page 1.jpg_in_logo_enercorp.png,0.03
597,releve_compte_2.pdf_Page 1.jpg_in_logo_engie.png,0.0
598,releve_compte_2.pdf_Page 1.jpg_in_logo_engie_screenshot.JPG,0.0
599,releve_compte_2.pdf_Page 1.jpg_in_logo_free.png,0.0
600,releve_compte_2.pdf_Page 1.jpg_in_logo_free_screenshot.JPG,0.0
601,releve_compte_2.pdf_Page 1.jpg_in_logo_lcl.png,0.0
602,releve_compte_2.pdf_Page 1.jpg_in_logo_LCL_screenshot.JPG,0.0
603,releve_compte_2.pdf_Page 1.jpg_in_logo_orange.png,0.0
604,releve_compte_2.pdf_Page 1.jpg_in_logo_orange_screenshot.JPG,0.0
605,releve_compte_2.pdf_Page 1.jpg_in_logo_sfr.png,0.02
606,releve_compte_2.pdf_Page 1.jpg_in_logo_SocieteGenerale_screenshot.JPG,0.57
607,releve_compte_2.pdf_Page 1.jpg_in_logo_societe_generale.png,0.0
608,releve_compte_2.pdf_Page 2.jpg_in_logo_bouygues_screenshot.JPG,0.0
609,releve_compte_2.pdf_Page 2.jpg_in_logo_bouygues_telecom.png,0.0
610,releve_compte_2.pdf_Page 2.jpg_in_logo_EDF.png,0.01
611,releve_compte_2.pdf_Page 2.jpg_in_logo_EDF_screenshot.PNG,0.01
612,releve_compte_2.pdf_Page 2.jpg_in_logo_enercorp.png,0.03
613,releve_compte_2.pdf_Page 2.jpg_in_logo_engie.png,0.0
614,releve_compte_2.pdf_Page 2.jpg_in_logo_engie_screenshot.JPG,0.0
615,releve_compte_2.pdf_Page 2.jpg_in_logo_free.png,0.0
616,releve_compte_2.pdf_Page 2.jpg_in_logo_free_screenshot.JPG,0.0
617,releve_compte_2.pdf_Page 2.jpg_in_logo_lcl.png,0.0
618,releve_compte_2.pdf_Page 2.jpg_in_logo_LCL_screenshot.JPG,0.0
619,releve_compte_2.pdf_Page 2.jpg_in_logo_orange.png,0.0
620,releve_compte_2.pdf_Page 2.jpg_in_logo_orange_screenshot.JPG,0.0
621,releve_compte_2.pdf_Page 2.jpg_in_logo_sfr.png,0.02
622,releve_compte_2.pdf_Page 2.jpg_in_logo_SocieteGenerale_screenshot.JPG,0.57
623,releve_compte_2.pdf_Page 2.jpg_in_logo_societe_generale.png,0.0
624,releve_compte_2.pdf_Page 3.jpg_in_logo_bouygues_screenshot.JPG,0.0
625,releve_compte_2.pdf_Page 3.jpg_in_logo_bouygues_telecom.png,0.0
626,releve_compte_2.pdf_Page 3.jpg_in_logo_EDF.png,0.01
627,releve_compte_2.pdf_Page 3.jpg_in_logo_EDF_screenshot.PNG,0.01
628,releve_compte_2.pdf_Page 3.jpg_in_logo_enercorp.png,0.03
629,releve_compte_2.pdf_Page 3.jpg_in_logo_engie.png,0.0
630,releve_compte_2.pdf_Page 3.jpg_in_logo_engie_screenshot.JPG,0.0
631,releve_compte_2.pdf_Page 3.jpg_in_logo_free.png,0.0
632,releve_compte_2.pdf_Page 3.jpg_in_logo_free_screenshot.JPG,0.0
633,releve_compte_2.pdf_Page 3.jpg_in_logo_lcl.png,0.0
634,releve_compte_2.pdf_Page 3.jpg_in_logo_LCL_screenshot.JPG,0.0
635,releve_compte_2.pdf_Page 3.jpg_in_logo_orange.png,0.0
636,releve_compte_2.pdf_Page 3.jpg_in_logo_orange_screenshot.JPG,0.0
637,releve_compte_2.pdf_Page 3.jpg_in_logo_sfr.png,0.02
638,releve_compte_2.pdf_Page 3.jpg_in_logo_SocieteGenerale_screenshot.JPG,0.57
639,releve_compte_2.pdf_Page 3.jpg_in_logo_societe_generale.png,0.0
640,releve_compte_2.pdf_Page 4.jpg_in_logo_bouygues_screenshot.JPG,0.0
641,releve_compte_2.pdf_Page 4.jpg_in_logo_bouygues_telecom.png,0.0
642,releve_compte_2.pdf_Page 4.jpg_in_logo_EDF.png,0.01
643,releve_compte_2.pdf_Page 4.jpg_in_logo_EDF_screenshot.PNG,0.01
644,releve_compte_2.pdf_Page 4.jpg_in_logo_enercorp.png,0.03
645,releve_compte_2.pdf_Page 4.jpg_in_logo_engie.png,0.0
646,releve_compte_2.pdf_Page 4.jpg_in_logo_engie_screenshot.JPG,0.0
647,releve_compte_2.pdf_Page 4.jpg_in_logo_free.png,0.0
648,releve_compte_2.pdf_Page 4.jpg_in_logo_free_screenshot.JPG,0.0
649,releve_compte_2.pdf_Page 4.jpg_in_logo_lcl.png,0.0
650,releve_compte_2.pdf_Page 4.jpg_in_logo_LCL_screenshot.JPG,0.0
651,releve_compte_2.pdf_Page 4.jpg_in_logo_orange.png,0.0
652,releve_compte_2.pdf_Page 4.jpg_in_logo_orange_screenshot.JPG,0.0
653,releve_compte_2.pdf_Page 4.jpg_in_logo_sfr.png,0.02
654,releve_compte_2.pdf_Page 4.jpg_in_logo_SocieteGenerale_screenshot.JPG,0.57
655,releve_compte_2.pdf_Page 4.jpg_in_logo_societe_generale.png,0.0
656,releve_compte_2.pdf_Page 5.jpg_in_logo_bouygues_screenshot.JPG,0.0
657,releve_compte_2.pdf_Page 5.jpg_in_logo_bouygues_telecom.png,0.0
658,releve_compte_2.pdf_Page 5.jpg_in_logo_EDF.png,0.01
659,releve_compte_2.pdf_Page 5.jpg_in_logo_EDF_screenshot.PNG,0.01
660,releve_compte_2.pdf_Page 5.jpg_in_logo_enercorp.png,0.03
661,releve_compte_2.pdf_Page 5.jpg_in_logo_engie.png,0.0
662,releve_compte_2.pdf_Page 5.jpg_in_logo_engie_screenshot.JPG,0.0
663,releve_compte_2.pdf_Page 5.jpg_in_logo_free.png,0.0
664,releve_compte_2.pdf_Page 5.jpg_in_logo_free_screenshot.JPG,0.0
665,releve_compte_2.pdf_Page 5.jpg_in_logo_lcl.png,0.0
666,releve_compte_2.pdf_Page 5.jpg_in_logo_LCL_screenshot.JPG,0.0
667,releve_compte_2.pdf_Page 5.jpg_in_logo_orange.png,0.0
668,releve_compte_2.pdf_Page 5.jpg_in_logo_orange_screenshot.JPG,0.0
669,releve_compte_2.pdf_Page 5.jpg_in_logo_sfr.png,0.02
670,releve_compte_2.pdf_Page 5.jpg_in_logo_SocieteGenerale_screenshot.JPG,0.57
671,releve_compte_2.pdf_Page 5.jpg_in_logo_societe_generale.png,0.0
